<?xml version="1.0" encoding="UTF-8"?>
<project-private xmlns="http://www.netbeans.org/ns/project-private/1">
    <editor-bookmarks xmlns="http://www.netbeans.org/ns/editor-bookmarks/2" lastBookmarkId="0"/>
    <open-files xmlns="http://www.netbeans.org/ns/projectui-open-files/2">
        <group>
            <file>file:/C:/Users/abdur/OneDrive/Documents/NetBeansProjects/LogInProject/src/loginproject/NewAccountOpenerController.java</file>
            <file>file:/C:/Users/abdur/OneDrive/Documents/NetBeansProjects/LogInProject/src/loginproject/dashBoard.fxml</file>
            <file>file:/C:/Users/abdur/OneDrive/Documents/NetBeansProjects/LogInProject/src/CrewMembers/Producer.java</file>
            <file>file:/C:/Users/abdur/OneDrive/Documents/NetBeansProjects/LogInProject/src/loginproject/FXMLDocument.fxml</file>
            <file>file:/C:/Users/abdur/OneDrive/Documents/NetBeansProjects/LogInProject/src/loginproject/Validation.java</file>
            <file>file:/C:/Users/abdur/OneDrive/Documents/NetBeansProjects/LogInProject/src/loginproject/ObjectReadWrite.java</file>
            <file>file:/C:/Users/abdur/OneDrive/Documents/NetBeansProjects/LogInProject/src/loginproject/AppendableObjectStream.java</file>
            <file>file:/C:/Users/abdur/OneDrive/Documents/NetBeansProjects/LogInProject/src/CrewMembers/Client.java</file>
            <file>file:/C:/Users/abdur/OneDrive/Documents/NetBeansProjects/LogInProject/src/CrewMembers/Actor.java</file>
            <file>file:/C:/Users/abdur/OneDrive/Documents/NetBeansProjects/LogInProject/src/loginproject/FXMLDocumentController.java</file>
            <file>file:/C:/Users/abdur/OneDrive/Documents/NetBeansProjects/LogInProject/src/loginproject/NewAccountOpener.fxml</file>
            <file>file:/C:/Users/abdur/OneDrive/Documents/NetBeansProjects/LogInProject/src/CrewMembers/ProjectManager.java</file>
            <file>file:/C:/Users/abdur/OneDrive/Documents/NetBeansProjects/LogInProject/src/loginproject/LogInProject.java</file>
            <file>file:/C:/Users/abdur/OneDrive/Documents/NetBeansProjects/LogInProject/src/loginproject/User.java</file>
            <file>file:/C:/Users/abdur/OneDrive/Documents/NetBeansProjects/LogInProject/src/loginproject/IdCount.java</file>
            <file>file:/C:/Users/abdur/OneDrive/Documents/NetBeansProjects/LogInProject/src/CrewMembers/ScriptWriter.java</file>
            <file>file:/C:/Users/abdur/OneDrive/Documents/NetBeansProjects/LogInProject/src/loginproject/DashBoardController.java</file>
            <file>file:/C:/Users/abdur/OneDrive/Documents/NetBeansProjects/LogInProject/src/CrewMembers/Director.java</file>
            <file>file:/C:/Users/abdur/OneDrive/Documents/NetBeansProjects/LogInProject/src/CrewMembers/CineMatoGrapher.java</file>
            <file>file:/C:/Users/abdur/OneDrive/Documents/NetBeansProjects/LogInProject/src/loginproject/MovieProject.java</file>
            <file>file:/C:/Users/abdur/OneDrive/Documents/NetBeansProjects/LogInProject/src/loginproject/Crew.java</file>
            <file>file:/C:/Users/abdur/OneDrive/Documents/NetBeansProjects/LogInProject/nbproject/jfx-impl.xml</file>
        </group>
    </open-files>
</project-private>
